<?xml version="1.0" encoding="UTF-8" standalone="yes"?>
<addon id="plugin.video.mtvboxsvideo" name="MTvBoxs" version="0.0.1" provider-name="MTvBoxs">
	<requires>
		<import addon="xbmc.python" version="2.19.0" />
        <import addon="script.module.python.koding.aio" version="0.0.1"/>
	</requires>
	<extension point="xbmc.python.pluginsource" library="default.py">
		<provides>video</provides>
	</extension>
	<extension point="xbmc.addon.metadata">
		<summary lang="en">For Customers Only</summary>
		<description lang="en">We're Here to make it easier for you to find your missing shows easier and faster!! </description>
		<platform>all</platform>
		<forum>http://www.noobsandnerds.com/support</forum>
		<website>www.noobsandnerds.com</website>
		<news></news>
		<genre>anime,comedy,kids,livetv,movies,music,religion,sports,tvshows,usa</genre>
		<video_guide></video_guide>
		<video_preview></video_preview>
	</extension>
</addon>
