<?xml version="1.0" encoding="UTF-8" standalone="yes"?>
<addon id="repository.mtvboxsvideo" name="MTvBoxs" version="0.0.1" provider-name="MTvBoxs">
	<extension point="xbmc.addon.repository" name="MTvBoxs">
		<dir>
			<info compressed="false">https://raw.githubusercontent.com/totalrevolution/python-koding/master/zips/addons.xml</info>
			<checksum>https://raw.githubusercontent.com/totalrevolution/python-koding/master/zips/addons.xml.md5</checksum>
			<datadir zip="true">https://raw.githubusercontent.com/totalrevolution/python-koding/master/zips/</datadir>
		</dir>
		<info compressed="false">https://raw.githubusercontent.com/mtvboxstv/repository.mtvboxsvideo/master/zips/addons.xml</info>
		<checksum>https://raw.githubusercontent.com/mtvboxstv/repository.mtvboxsvideo/master/zips/addons.xml.md5</checksum>
		<datadir zip="true">https://raw.githubusercontent.com/mtvboxstv/repository.mtvboxsvideo/master/zips/</datadir>
	</extension>
	<extension point="xbmc.addon.metadata">
		<summary lang="en">Best REPO EVER!!</summary>
		<description lang="en">This is for MTvBoxs Customers Only</description>
		<genre>livetv,movies,tvshows,usa</genre>
	</extension>
</addon>